{"cameraMode":{"drawMode":0,"name":"Shaded","section":"Shading Mode"},"sceneLighting":true,"audioPlay":false,"sceneViewState":{"m_AlwaysRefresh":false,"showFog":true,"showSkybox":true,"showFlares":true,"showImageEffects":true,"showParticleSystems":true,"showVisualEffectGraphs":true,"m_FxEnabled":true},"in2DMode":false,"pivot":{"x":-16.625333786010743,"y":-4.331822872161865,"z":20.19963264465332},"rotation":{"x":0.12563945353031159,"y":0.020833343267440797,"z":-0.0026389136910438539,"w":0.9918549060821533},"size":11.19813346862793,"orthographic":false}